White,S,1,2
White,SE,3,4
White,SES,5,6
White,SEL,7,8
Blue,SES,37,38
Beige,S,9,10
Green,SES,29,30
Tan,SE,75,76
Grey,SES,61,62
White,S,1,2
White,SE,3,4
White,SES,5,6
White,SEL,7,8
White,S,1,2
White,SE,3,4
White,SES,5,6
White,SEL,7,8
White,S,1,2
White,SE,3,4
White,SES,5,6
White,SEL,7,8
White,S,1,2
White,SE,3,4
White,SES,5,6
White,SEL,7,8
White,S,1,2
White,SE,3,4
White,SES,5,6
White,SEL,7,8
White,S,1,2
White,SE,3,4
White,SES,5,6
White,SEL,7,8
White,S,1,2
White,SE,3,4
White,SES,5,6
White,SEL,7,8
White,S,1,2
White,SE,3,4
White,SES,5,6
White,SEL,7,8
White,S,1,2
White,SE,3,4
White,SES,5,6
White,SEL,7,8
White,S,1,2
White,SE,3,4
White,SES,5,6
White,SEL,7,8
White,S,1,2
White,SE,3,4
White,SES,5,6
White,SEL,7,8
White,S,1,2
White,SE,3,4
White,SES,5,6
White,SEL,7,8
White,S,1,2
White,SE,3,4
White,SES,5,6
White,SEL,7,8
White,S,1,2
White,SE,3,4
White,SES,5,6
White,SEL,7,8
White,S,1,2
White,SE,3,4
White,SES,5,6
White,SEL,7,8
White,S,1,2
White,SE,3,4
White,SES,5,6
White,SEL,7,8
White,S,1,2
White,SE,3,4
White,SES,5,6
White,SEL,7,8
White,S,1,2
White,SE,3,4
White,SES,5,6
White,SEL,7,8
White,S,1,2
White,SE,3,4
White,SES,5,6
White,SEL,7,8
White,S,1,2
White,SE,3,4
White,SES,5,6
White,SEL,7,8
White,S,1,2
White,SE,3,4
White,SES,5,6
White,SEL,7,8
White,S,1,2
White,SE,3,4
White,SES,5,6
White,SEL,7,8
White,S,1,2
White,SE,3,4
White,SES,5,6
White,SEL,7,8
White,S,1,2
White,SE,3,4
White,SES,5,6
White,SEL,7,8
White,S,1,2
White,SE,3,4
White,SES,5,6
White,SEL,7,8
White,S,1,2
White,SE,3,4
White,SES,5,6
White,SEL,7,8
White,S,1,2
White,SE,3,4
White,SES,5,6
White,SEL,7,8
White,S,1,2
White,SE,3,4
White,SES,5,6
White,SEL,7,8
White,S,1,2
White,SE,3,4
White,SES,5,6
White,SEL,7,8
White,S,1,2
White,SE,3,4
White,SES,5,6
White,SEL,7,8
White,S,1,2
White,SE,3,4
White,SES,5,6
White,SEL,7,8
White,S,1,2
White,SE,3,4
White,SES,5,6
White,SEL,7,8
White,S,1,2
White,SE,3,4
White,SES,5,6
White,SEL,7,8
White,S,1,2
White,SE,3,4
White,SES,5,6
White,SEL,7,8
White,S,1,2
White,SE,3,4
White,SES,5,6
White,SEL,7,8
White,S,1,2
White,SE,3,4
White,SES,5,6
White,SEL,7,8
White,S,1,2
White,SE,3,4
White,SES,5,6
White,SEL,7,8
White,SES,5,6
White,SES,5,6
White,SES,5,6
White,S,1,2
White,SE,3,4
White,SES,5,6
White,SEL,7,8
White,S,1,2
White,SE,3,4
White,SES,5,6
White,SEL,7,8
White,S,1,2
White,SE,3,4
White,SES,5,6
White,SEL,7,8
White,S,1,2
White,SE,3,4
White,SES,5,6
White,SEL,7,8
White,S,1,2
White,SE,3,4
White,SES,5,6
White,SEL,7,8
White,S,1,2
White,SE,3,4
White,SES,5,6
White,SEL,7,8
White,S,1,2
White,SE,3,4
White,SES,5,6
White,SEL,7,8
White,S,1,2
White,SE,3,4
White,SES,5,6
White,SEL,7,8
White,S,1,2
White,SE,3,4
White,SES,5,6
White,SEL,7,8
White,S,1,2
White,SE,3,4
White,SES,5,6
White,SEL,7,8
White,SES,5,6
White,SES,5,6
White,SES,5,6
White,SES,5,6
White,SES,5,6
White,SES,5,6
White,SES,5,6
White,SES,5,6
White,SES,5,6
White,SES,5,6
White,SES,5,6
White,SES,5,6
White,SES,5,6
White,SES,5,6
White,SES,5,6
White,SES,5,6
White,SES,5,6
White,SES,5,6
White,S,1,2
White,SE,3,4
White,SES,5,6
White,SEL,7,8
White,SES,5,6
White,SES,5,6
White,SES,5,6
White,SES,5,6
White,SES,5,6
White,SES,5,6
White,SES,5,6
White,SES,5,6
White,SES,5,6
White,SES,5,6
White,SES,5,6
White,SES,5,6
White,SES,5,6
White,SES,5,6
White,SES,5,6
White,SES,5,6
White,SES,5,6
White,SES,5,6
White,S,1,2
White,SE,3,4
White,SES,5,6
White,SEL,7,8
White,SES,5,6
White,SES,5,6
White,SES,5,6
White,SES,5,6
White,SES,5,6
White,SES,5,6
White,SES,5,6
White,SES,5,6
White,SES,5,6
White,SES,5,6
White,SES,5,6
White,SES,5,6
White,SES,5,6
White,SES,5,6
White,SES,5,6
White,SES,5,6
White,SES,5,6
White,SES,5,6
White,S,1,2
White,SE,3,4
White,SES,5,6
White,SEL,7,8
White,SES,5,6
White,SES,5,6
White,SES,5,6
White,SES,5,6
White,SES,5,6
White,SES,5,6
White,SES,5,6
White,SES,5,6
White,SES,5,6
White,SES,5,6
White,SES,5,6
White,SES,5,6
White,SES,5,6
White,SES,5,6
White,SES,5,6
White,SES,5,6
White,SES,5,6
White,SES,5,6
White,S,1,2
White,S,1,2
White,S,1,2
White,S,1,2
White,S,1,2
White,S,1,2
White,S,1,2
White,S,1,2
White,S,1,2
White,S,1,2
White,S,1,2
White,S,1,2
White,S,1,2
White,S,1,2
White,S,1,2
White,S,1,2
White,S,1,2
White,S,1,2
White,S,1,2
White,S,1,2
White,S,1,2
White,SE,3,4
White,SES,5,6
White,SEL,7,8
White,SES,5,6
White,SES,5,6
White,SES,5,6
White,SES,5,6
White,SES,5,6
White,SES,5,6
White,SES,5,6
White,SES,5,6
White,SES,5,6
White,SES,5,6
White,SES,5,6
White,SES,5,6
White,SES,5,6
White,SES,5,6
White,SES,5,6
White,SES,5,6
White,SES,5,6
White,SES,5,6
White,S,1,2
White,S,1,2
White,S,1,2
White,S,1,2
White,S,1,2
White,S,1,2
White,S,1,2
White,S,1,2
White,S,1,2
White,S,1,2
White,S,1,2
White,S,1,2
White,S,1,2
White,S,1,2
White,S,1,2
White,S,1,2
White,S,1,2
White,S,1,2
White,S,1,2
White,S,1,2
White,S,1,2
White,SE,3,4
White,SES,5,6
White,SEL,7,8
Blue,SES,37,38
Beige,S,9,10
Green,SES,29,30
Beige,SE,11,12
Green,S,25,26
Green,SES,29,30
Black,SES,45,46
White,SES,5,6
White,SES,5,6
White,SES,5,6
White,SES,5,6
White,SES,5,6
White,SES,5,6
White,SES,5,6
White,SES,5,6
White,SES,5,6
White,SES,5,6
White,SES,5,6
White,SES,5,6
White,SES,5,6
White,SES,5,6
White,SES,5,6
White,SES,5,6
White,SES,5,6
White,SES,5,6
White,S,1,2
White,S,1,2
White,S,1,2
White,S,1,2
White,S,1,2
White,S,1,2
White,S,1,2
White,S,1,2
White,S,1,2
White,S,1,2
White,S,1,2
White,S,1,2
White,S,1,2
White,S,1,2
White,S,1,2
White,S,1,2
White,S,1,2
White,S,1,2
White,S,1,2
White,S,1,2
White,S,1,2
White,SE,3,4
White,SES,5,6
White,SEL,7,8
White,SES,5,6
White,SES,5,6
White,SES,5,6
White,SES,5,6
White,SES,5,6
White,SES,5,6
White,SES,5,6
White,SES,5,6
White,SES,5,6
White,SES,5,6
White,SES,5,6
White,SES,5,6
White,SES,5,6
White,SES,5,6
White,SES,5,6
White,SES,5,6
White,SES,5,6
White,SES,5,6
White,S,1,2
White,S,1,2
White,S,1,2
White,S,1,2
White,S,1,2
White,S,1,2
White,S,1,2
White,S,1,2
White,S,1,2
White,S,1,2
White,S,1,2
White,S,1,2
White,S,1,2
White,S,1,2
White,S,1,2
White,S,1,2
White,S,1,2
White,S,1,2
White,S,1,2
White,S,1,2
White,S,1,2
White,SE,3,4
White,SES,5,6
White,SEL,7,8
White,SES,5,6
White,SES,5,6
White,SES,5,6
White,SES,5,6
White,SES,5,6
White,SES,5,6
White,SES,5,6
White,SES,5,6
White,SES,5,6
White,SES,5,6
White,SES,5,6
White,SES,5,6
White,SES,5,6
White,SES,5,6
White,SES,5,6
White,SES,5,6
White,SES,5,6
White,SES,5,6
White,S,1,2
White,S,1,2
White,S,1,2
White,S,1,2
White,S,1,2
White,S,1,2
White,S,1,2
White,S,1,2
White,S,1,2
White,S,1,2
White,S,1,2
White,S,1,2
White,S,1,2
White,S,1,2
White,S,1,2
White,S,1,2
White,S,1,2
White,S,1,2
White,S,1,2
White,S,1,2
White,S,1,2
White,SE,3,4
White,SES,5,6
White,SEL,7,8
White,SES,5,6
White,SES,5,6
White,SES,5,6
White,SES,5,6
White,SES,5,6
White,SES,5,6
White,SES,5,6
White,SES,5,6
White,SES,5,6
White,SES,5,6
White,SES,5,6
White,SES,5,6
White,SES,5,6
White,SES,5,6
White,SES,5,6
White,SES,5,6
White,SES,5,6
White,SES,5,6
White,S,1,2
White,S,1,2
White,S,1,2
White,S,1,2
White,S,1,2
White,S,1,2
White,S,1,2
White,S,1,2
White,S,1,2
White,S,1,2
White,S,1,2
White,S,1,2
White,S,1,2
White,S,1,2
White,S,1,2
White,S,1,2
White,S,1,2
White,S,1,2
White,S,1,2
White,S,1,2
White,S,1,2
White,SE,3,4
White,SES,5,6
White,SEL,7,8
White,SES,5,6
White,SES,5,6
White,SES,5,6
White,SES,5,6
White,SES,5,6
White,SES,5,6
White,SES,5,6
White,SES,5,6
White,SES,5,6
White,SES,5,6
White,SES,5,6
White,SES,5,6
White,SES,5,6
White,SES,5,6
White,SES,5,6
White,SES,5,6
White,SES,5,6
White,SES,5,6
White,S,1,2
White,S,1,2
White,S,1,2
White,S,1,2
White,S,1,2
White,S,1,2
White,S,1,2
White,S,1,2
White,S,1,2
White,S,1,2
White,S,1,2
White,S,1,2
White,S,1,2
White,S,1,2
White,S,1,2
White,S,1,2
White,S,1,2
White,S,1,2
White,S,1,2
White,S,1,2
White,S,1,2
White,SE,3,4
White,SES,5,6
White,SEL,7,8
White,SES,5,6
White,SES,5,6
White,SES,5,6
White,SES,5,6
White,SES,5,6
White,SES,5,6
White,SES,5,6
White,SES,5,6
White,SES,5,6
White,S,1,2
White,S,1,2
White,S,1,2
White,S,1,2
White,S,1,2
White,S,1,2
White,S,1,2
White,S,1,2
White,S,1,2
White,S,1,2
White,S,1,2
White,S,1,2
White,S,1,2
White,S,1,2
White,S,1,2
White,S,1,2
White,S,1,2
White,S,1,2
White,S,1,2
White,S,1,2
White,S,1,2
White,SE,3,4
White,SES,5,6
White,SEL,7,8
White,SES,5,6
White,SES,5,6
White,SES,5,6
White,SES,5,6
White,SES,5,6
White,SES,5,6
White,SES,5,6
White,SES,5,6
White,SES,5,6
White,S,1,2
White,S,1,2
White,S,1,2
White,S,1,2
White,S,1,2
White,S,1,2
White,S,1,2
White,S,1,2
White,S,1,2
White,S,1,2
White,S,1,2
White,S,1,2
White,S,1,2
White,S,1,2
White,S,1,2
White,S,1,2
White,S,1,2
White,S,1,2
White,S,1,2
White,S,1,2
White,S,1,2
White,SE,3,4
White,SES,5,6
White,SEL,7,8
White,SES,5,6
White,SES,5,6
White,SES,5,6
White,SES,5,6
White,SES,5,6
White,SES,5,6
White,SES,5,6
White,SES,5,6
White,SES,5,6
White,S,1,2
White,S,1,2
White,S,1,2
White,S,1,2
White,S,1,2
White,S,1,2
White,S,1,2
White,S,1,2
White,S,1,2
White,S,1,2
White,S,1,2
White,S,1,2
White,S,1,2
White,S,1,2
White,S,1,2
White,S,1,2
White,S,1,2
White,S,1,2
White,S,1,2
White,S,1,2
White,S,1,2
White,SE,3,4
White,SES,5,6
White,SEL,7,8
White,SES,5,6
White,SES,5,6
White,SES,5,6
White,SES,5,6
White,SES,5,6
White,SES,5,6
White,SES,5,6
White,SES,5,6
White,SES,5,6
White,S,1,2
White,S,1,2
White,S,1,2
White,S,1,2
White,S,1,2
White,S,1,2
White,S,1,2
White,S,1,2
White,S,1,2
White,S,1,2
White,S,1,2
White,S,1,2
White,S,1,2
White,S,1,2
White,S,1,2
White,S,1,2
White,S,1,2
White,S,1,2
White,S,1,2
White,S,1,2
White,S,1,2
White,SE,3,4
White,SES,5,6
White,SEL,7,8
White,SES,5,6
White,SES,5,6
White,SES,5,6
White,SES,5,6
White,SES,5,6
White,SES,5,6
White,SES,5,6
White,SES,5,6
White,SES,5,6
White,S,1,2
White,S,1,2
White,S,1,2
White,S,1,2
White,S,1,2
White,S,1,2
White,S,1,2
White,S,1,2
White,S,1,2
White,S,1,2
White,S,1,2
White,S,1,2
White,S,1,2
White,S,1,2
White,S,1,2
White,S,1,2
White,S,1,2
White,S,1,2
White,S,1,2
White,S,1,2
White,S,1,2
White,SE,3,4
White,SES,5,6
White,SEL,7,8
White,SES,5,6
White,SES,5,6
White,SES,5,6
White,SES,5,6
White,SES,5,6
White,SES,5,6
White,SES,5,6
White,SES,5,6
White,SES,5,6
White,S,1,2
White,S,1,2
White,S,1,2
White,S,1,2
White,S,1,2
White,S,1,2
White,S,1,2
White,S,1,2
White,S,1,2
White,S,1,2
White,S,1,2
White,S,1,2
White,S,1,2
White,S,1,2
White,S,1,2
White,S,1,2
White,S,1,2
White,S,1,2
White,S,1,2
White,S,1,2
White,S,1,2
White,SE,3,4
White,SES,5,6
White,SEL,7,8
White,SES,5,6
White,SES,5,6
White,SES,5,6
White,SES,5,6
White,SES,5,6
White,SES,5,6
White,SES,5,6
White,SES,5,6
White,SES,5,6
White,S,1,2
White,S,1,2
White,S,1,2
White,S,1,2
White,S,1,2
White,S,1,2
White,S,1,2
White,S,1,2
White,S,1,2
White,S,1,2
White,S,1,2
White,S,1,2
White,S,1,2
White,S,1,2
White,S,1,2
White,S,1,2
White,S,1,2
White,S,1,2
White,S,1,2
White,S,1,2
White,S,1,2
White,SE,3,4
White,SES,5,6
White,SEL,7,8
Blue,SES,37,38
Beige,S,9,10
Green,SES,29,30
Beige,SE,11,12
Green,S,25,26
Green,SES,29,30
Black,SES,45,46
Blue,SES,37,38
Beige,S,9,10
Green,SES,29,30
Beige,SE,11,12
Green,S,25,26
Green,SES,29,30
Black,SES,45,46
